{"metadata": {"version": "gdpr_v1"}, "zaps": [{"id": 292601236, "title": "wordpress to shopify", "status": "on", "nodes": {"292601236": {"id": 292601236, "account_id": 22470129, "customuser_id": 22512762, "paused": false, "type_of": "read", "params": {}, "meta": {"$editor": {"$zap_guesser": {"generated_by_ai": true, "zap_guesser_execution_id": "0196440a-1585-77c5-86e4-290a60e8eb7a"}, "has_automatic_issues": true}}, "triple_stores": {"copied_from": null, "created_by": null, "polling_interval_override": 0, "block_and_release_limit_override": 0, "spread_tasks": 1}, "folders": null, "parent_id": null, "root_id": null, "action": "user", "selected_api": "WordPressCLIAPI@1.7.3", "title": "wordpress to shopify", "authentication_id": 55114160, "created_at": "2025-04-17T13:57:22+00:00", "last_changed": "2025-04-20T18:34:47+00:00"}, "292601237": {"id": 292601237, "account_id": 22470129, "customuser_id": 22512762, "paused": true, "type_of": "write", "params": {"first_name": "{{292601236__first_name}}", "last_name": "{{292601236__last_name}}", "email": "{{292601236__email}}", "note": "Added via WordPress Contact Form 7", "invite": false}, "meta": {"$editor": {"$zap_guesser": {"generated_by_ai": true, "zap_guesser_execution_id": "0196440a-1585-77c5-86e4-290a60e8eb7a"}, "has_automatic_issues": true}, "parammap": {"invite": "False"}}, "triple_stores": {"copied_from": null, "created_by": null, "polling_interval_override": 0, "block_and_release_limit_override": 0, "spread_tasks": 1}, "folders": null, "parent_id": 292601236, "root_id": 292601236, "action": "customer", "selected_api": "ShopifyCLIAPI@3.11.1", "title": null, "authentication_id": 55034515, "created_at": "2025-04-17T13:57:22+00:00", "last_changed": "2025-04-17T14:38:58+00:00"}}}]}